Workbook

Sheet AR_Data
A1: 거래처명 | B1: 채권발생일 | C1: 채권금액
A2: 거래처A | B2: 45218 | C2: 74000000
A3: 거래처B | B3: 46098 | C3: 28000000
A4: 거래처C | B4: 45718 | C4: 72000000
A5: 거래처D | B5: 46123 | C5: 56000000
A6: 거래처E | B6: 45988 | C6: 31000000
A7: 거래처F | B7: 45798 | C7: 60000000
A8: 거래처G | B8: 45618 | C8: 78000000
A9: 거래처H | B9: 45318 | C9: 38000000
A10: 거래처I | B10: 46068 | C10: 3000000
A11: 거래처J | B11: 45848 | C11: 23000000
A12: 거래처K | B12: 45418 | C12: 57000000
A13: 거래처L | B13: 45938 | C13: 46000000
... A21: 거래처T | B21: 46130 | C21: 15000000
A23: ※ 상단 데이터는 시연용 샘플 데이터입니다 (실제 거래처/금액 아님).

Sheet Aging_Policy
A1: 최소경과일 | B1: 구간명 | C1: 최대경과일(참고) | D1: 대손율
A2: 0 | B2: 0~90일 | C2: 90 | D2: 0.01
A3: 91 | B3: 91~180일 | C3: 180 | D3: 0.05
A4: 181 | B4: 181~365일 | C4: 365 | D4: 0.2
A5: 366 | B5: 366일 초과 | C5: - | D5: 0.5
A7: Source: 시연용 예시 정책치입니다. 실무에서는 과거 대손 실적률, 산업 통계, 거래처 신용도 등 실제 근거자료를 바탕으로 산정해야 합니다.

Sheet AR_Aging_Summary
A1: 거래처명 | B1: 채권발생일 | C1: 채권금액 | D1: 경과일수 | E1: 대손율 | F1: 대손충당금
A2: =AR_Data!A2 -> 거래처A | B2: =AR_Data!B2 -> 45218 | C2: =AR_Data!C2 -> 74000000 | D2: =TODAY()-B2 -> 1000 | E2: =VLOOKUP(D2,Aging_Policy!$A$2:$D$5,4,TRUE()) -> 0.5 | F2: =C2*E2 -> 37000000
A3: =AR_Data!A3 -> 거래처B | B3: =AR_Data!B3 -> 46098 | C3: =AR_Data!C3 -> 28000000 | D3: =TODAY()-B3 -> 120 | E3: =VLOOKUP(D3,Aging_Policy!$A$2:$D$5,4,TRUE()) -> 0.05 | F3: =C3*E3 -> 1400000
A4: =AR_Data!A4 -> 거래처C | B4: =AR_Data!B4 -> 45718 | C4: =AR_Data!C4 -> 72000000 | D4: =TODAY()-B4 -> 500 | E4: =VLOOKUP(D4,Aging_Policy!$A$2:$D$5,4,TRUE()) -> 0.5 | F4: =C4*E4 -> 36000000
A5: =AR_Data!A5 -> 거래처D | B5: =AR_Data!B5 -> 46123 | C5: =AR_Data!C5 -> 56000000 | D5: =TODAY()-B5 -> 95 | E5: =VLOOKUP(D5,Aging_Policy!$A$2:$D$5,4,TRUE()) -> 0.05 | F5: =C5*E5 -> 2800000
A6: =AR_Data!A6 -> 거래처E | B6: =AR_Data!B6 -> 45988 | C6: =AR_Data!C6 -> 31000000 | D6: =TODAY()-B6 -> 230 | E6: =VLOOKUP(D6,Aging_Policy!$A$2:$D$5,4,TRUE()) -> 0.2 | F6: =C6*E6 -> 6200000
A7: =AR_Data!A7 -> 거래처F | B7: =AR_Data!B7 -> 45798 | C7: =AR_Data!C7 -> 60000000 | D7: =TODAY()-B7 -> 420 | E7: =VLOOKUP(D7,Aging_Policy!$A$2:$D$5,4,TRUE()) -> 0.5 | F7: =C7*E7 -> 30000000
A8: =AR_Data!A8 -> 거래처G | B8: =AR_Data!B8 -> 45618 | C8: =AR_Data!C8 -> 78000000 | D8: =TODAY()-B8 -> 600 | E8: =VLOOKUP(D8,Aging_Policy!$A$2:$D$5,4,TRUE()) -> 0.5 | F8: =C8*E8 -> 39000000
A9: =AR_Data!A9 -> 거래처H | B9: =AR_Data!B9 -> 45318 | C9: =AR_Data!C9 -> 38000000 | D9: =TODAY()-B9 -> 900 | E9: =VLOOKUP(D9,Aging_Policy!$A$2:$D$5,4,TRUE()) -> 0.5 | F9: =C9*E9 -> 19000000
A10: =AR_Data!A10 -> 거래처I | B10: =AR_Data!B10 -> 46068 | C10: =AR_Data!C10 -> 3000000 | D10: =TODAY()-B10 -> 150 | E10: =VLOOKUP(D10,Aging_Policy!$A$2:$D$5,4,TRUE()) -> 0.05 | F10: =C10*E10 -> 150000
A11: =AR_Data!A11 -> 거래처J | B11: =AR_Data!B11 -> 45848 | C11: =AR_Data!C11 -> 23000000 | D11: =TODAY()-B11 -> 370 | E11: =VLOOKUP(D11,Aging_Policy!$A$2:$D$5,4,TRUE()) -> 0.5 | F11: =C11*E11 -> 11500000
A12: =AR_Data!A12 -> 거래처K | B12: =AR_Data!B12 -> 45418 | C12: =AR_Data!C12 -> 57000000 | D12: =TODAY()-B12 -> 800 | E12: =VLOOKUP(D12,Aging_Policy!$A$2:$D$5,4,TRUE()) -> 0.5 | F12: =C12*E12 -> 28500000
A13: =AR_Data!A13 -> 거래처L | B13: =AR_Data!B13 -> 45938 | C13: =AR_Data!C13 -> 46000000 | D13: =TODAY()-B13 -> 280 | E13: =VLOOKUP(D13,Aging_Policy!$A$2:$D$5,4,TRUE()) -> 0.2 | F13: =C13*E13 -> 9200000
... A21: =AR_Data!A21 -> 거래처T | B21: =AR_Data!B21 -> 46130 | C21: =AR_Data!C21 -> 15000000 | D21: =TODAY()-B21 -> 88 | E21: =VLOOKUP(D21,Aging_Policy!$A$2:$D$5,4,TRUE()) -> 0.01 | F21: =C21*E21 -> 150000
A22: 합계 | C22: =SUM(C2:C21) -> 798000000 | F22: =SUM(F2:F21) -> 253090000
A24: 구간별 대손충당금 소계
A25: 구간명 | B25: 채권 건수 | C25: 충당금 합계
A26: 0~90일 | B26: =COUNTIFS($E$2:$E21,Aging_Policy!D2) -> 4 | C26: =SUMIFS($F$2:$F21,$E$2:$E21,Aging_Policy!D2) -> 1340000
A27: 91~180일 | B27: =COUNTIFS($E$2:$E21,Aging_Policy!D3) -> 4 | C27: =SUMIFS($F$2:$F21,$E$2:$E21,Aging_Policy!D3) -> 5150000
A28: 181~365일 | B28: =COUNTIFS($E$2:$E21,Aging_Policy!D4) -> 4 | C28: =SUMIFS($F$2:$F21,$E$2:$E21,Aging_Policy!D4) -> 22600000
A29: 366일 초과 | B29: =COUNTIFS($E$2:$E21,Aging_Policy!D5) -> 8 | C29: =SUMIFS($F$2:$F21,$E$2:$E21,Aging_Policy!D5) -> 224000000
